{"cameraMode":{"drawMode":0,"name":"Shaded","section":"Shading Mode"},"sceneLighting":true,"audioPlay":false,"sceneViewState":{"showFog":true,"showMaterialUpdate":false,"showSkybox":false,"showFlares":true,"showImageEffects":true,"showParticleSystems":true},"in2DMode":false,"pivot":{"x":2.1771583557128908,"y":4.060000419616699,"z":-6.9907331466674809},"rotation":{"x":0.16947075724601746,"y":-0.23691962659358979,"z":0.042011529207229617,"w":0.9557117819786072},"size":17.030336380004884,"orthographic":false}